[
  {
    "id": 1,
    "original": "https://0521ptc2n2-grupo9-airc2cs3.s3.us-east-2.amazonaws.com/airc2cimgs/casas/1/casa1-01-1366.jpg",
    "thumbnail": "https://0521ptc2n2-grupo9-airc2cs3.s3.us-east-2.amazonaws.com/airc2cimgs/casas/1/casa1-01-phone.jpg"
  },
  {
    "id": 2,
    "original": "https://0521ptc2n2-grupo9-airc2cs3.s3.us-east-2.amazonaws.com/airc2cimgs/casas/1/casa1-02-1366.jpg",
    "thumbnail": "https://0521ptc2n2-grupo9-airc2cs3.s3.us-east-2.amazonaws.com/airc2cimgs/casas/1/casa1-02-1366.jpg"
  },
  {
    "id": 3,
    "original": "https://0521ptc2n2-grupo9-airc2cs3.s3.us-east-2.amazonaws.com/airc2cimgs/casas/1/casa1-03-1366.jpg",
    "thumbnail": "https://0521ptc2n2-grupo9-airc2cs3.s3.us-east-2.amazonaws.com/airc2cimgs/casas/1/casa1-03-1366.jpg"
  },
  {
    "id": 4,
    "original": "https://0521ptc2n2-grupo9-airc2cs3.s3.us-east-2.amazonaws.com/airc2cimgs/casas/1/casa1-04-1366.jpg",
    "thumbnail": "https://0521ptc2n2-grupo9-airc2cs3.s3.us-east-2.amazonaws.com/airc2cimgs/casas/1/casa1-04-1366.jpg"
  },
  {
    "id": 5,
    "original": "https://0521ptc2n2-grupo9-airc2cs3.s3.us-east-2.amazonaws.com/airc2cimgs/casas/1/casa1-05-1366.jpg",
    "thumbnail": "https://0521ptc2n2-grupo9-airc2cs3.s3.us-east-2.amazonaws.com/airc2cimgs/casas/1/casa1-05-1366.jpg",
    "originalAlt": "",
    "description": "",
    "originalTitle": "",
    "thumbnailTitle": ""
  },
  {
    "original": "https://0521ptc2n2-grupo9-airc2cs3.s3.us-east-2.amazonaws.com/airc2cimgs/casas/1/casa1-01-1366.jpg",
    "thumbnail": "https://0521ptc2n2-grupo9-airc2cs3.s3.us-east-2.amazonaws.com/airc2cimgs/casas/1/casa1-01-phone.jpg"
  },
  {
    "original": "https://0521ptc2n2-grupo9-airc2cs3.s3.us-east-2.amazonaws.com/airc2cimgs/casas/1/casa1-02-1366.jpg",
    "thumbnail": "https://0521ptc2n2-grupo9-airc2cs3.s3.us-east-2.amazonaws.com/airc2cimgs/casas/1/casa1-02-1366.jpg"
  },
  {
    "original": "https://0521ptc2n2-grupo9-airc2cs3.s3.us-east-2.amazonaws.com/airc2cimgs/casas/1/casa1-03-1366.jpg",
    "thumbnail": "https://0521ptc2n2-grupo9-airc2cs3.s3.us-east-2.amazonaws.com/airc2cimgs/casas/1/casa1-03-1366.jpg"
  },
  {
    "original": "https://0521ptc2n2-grupo9-airc2cs3.s3.us-east-2.amazonaws.com/airc2cimgs/casas/1/casa1-04-1366.jpg",
    "thumbnail": "https://0521ptc2n2-grupo9-airc2cs3.s3.us-east-2.amazonaws.com/airc2cimgs/casas/1/casa1-04-1366.jpg"
  },
  {
    "original": "https://0521ptc2n2-grupo9-airc2cs3.s3.us-east-2.amazonaws.com/airc2cimgs/casas/1/casa1-01-1366.jpg",
    "thumbnail": "https://0521ptc2n2-grupo9-airc2cs3.s3.us-east-2.amazonaws.com/airc2cimgs/casas/1/casa1-01-phone.jpg"
  },
  {
    "original": "https://0521ptc2n2-grupo9-airc2cs3.s3.us-east-2.amazonaws.com/airc2cimgs/casas/1/casa1-02-1366.jpg",
    "thumbnail": "https://0521ptc2n2-grupo9-airc2cs3.s3.us-east-2.amazonaws.com/airc2cimgs/casas/1/casa1-02-1366.jpg"
  },
  {
    "original": "https://0521ptc2n2-grupo9-airc2cs3.s3.us-east-2.amazonaws.com/airc2cimgs/casas/1/casa1-03-1366.jpg",
    "thumbnail": "https://0521ptc2n2-grupo9-airc2cs3.s3.us-east-2.amazonaws.com/airc2cimgs/casas/1/casa1-03-1366.jpg"
  },
  {
    "original": "https://0521ptc2n2-grupo9-airc2cs3.s3.us-east-2.amazonaws.com/airc2cimgs/casas/1/casa1-04-1366.jpg",
    "thumbnail": "https://0521ptc2n2-grupo9-airc2cs3.s3.us-east-2.amazonaws.com/airc2cimgs/casas/1/casa1-04-1366.jpg"
  }
]
